<?xml version="1.0" encoding="UTF-8"?>
<!DOCTYPE mapper PUBLIC "-//mybatis.org//DTD Mapper 3.0//EN" "http://mybatis.org/dtd/mybatis-3-mapper.dtd">
<mapper namespace="com.heima.wemedia.mapper.WmNewsMapper">


    <select id="findListAndPage" parameterType="com.heima.model.admin.dtos.NewsAuthDto"
            resultType="com.heima.model.wemedia.vos.WmNewsVo">
        SELECT
        wn.*,wu.`name` authorName
        FROM
        wm_news wn
        LEFT JOIN
        wm_user wu
        ON wn.user_id = wu.id
        <where>
            <if test="title != null and title != ''">
                and wn.title like concat('%',#{title},'%')
            </if>
            <if test="status != null">
                and wn.status = #{status}
            </if>
        </where>
        limit #{page},#{size}
    </select>


    <select id="findListCount" parameterType="com.heima.model.admin.dtos.NewsAuthDto"
            resultType="int">
        SELECT
        count(1)
        FROM
        wm_news  wn
        LEFT JOIN
        wm_user wu
        ON wn.user_id = wu.id
        <where>
            <if test="title!=null and title!=''">
                and wn.title like concat('%',#{title},'%')
            </if>
            <if test="status!=null">
                and wn.status = #{status}
            </if>
        </where>

    </select>

</mapper>